Key,Value,Required,Notes
migrationStatus,Open,Yes,"Live value must be exactly Open or Closed."
currentSeed,Seed D,Yes,
targetSeed,Seed D,Yes,
discordUrl,https://kingdom3981.github.io/index.html#,No,"Replace with the real invite URL when ready."
homepageIntro,,No,
whatWeOffer,"Fixed MGE during off-season
Fixed 20 GH events during off-season
Contribution-based rewards
1+1 fort bot",Yes,"Use line breaks or pipes between items."
whoWereLookingFor,"Rally leaders
Garrison leaders
Warriors",Yes,"Use line breaks or pipes between items."
